{
  "accuracy": 0.8044692737430168,
  "precision": 0.7236842105263158,
  "recall": 0.7971014492753623,
  "f1": 0.7586206896551724,
  "roc_auc": 0.8547430830039526
}